{
	"info": {
		"_postman_id": "5d58c245-cc9a-475d-a989-b3ce4c71bdce",
		"name": "Rest API Contacts",
		"schema": "https://schema.getpostman.com/json/collection/v2.1.0/collection.json"
	},
	"item": [
		{
			"name": "Authenticate",
			"request": {
				"method": "POST",
				"header": [],
				"body": {
					"mode": "raw",
					"raw": "{\r\n    \"username\": \"test\",\r\n    \"password\": \"test\"\r\n}",
					"options": {
						"raw": {
							"language": "json"
						}
					}
				},
				"url": {
					"raw": "https://localhost:5001/api/Users/authenticate",
					"protocol": "https",
					"host": [
						"localhost"
					],
					"port": "5001",
					"path": [
						"api",
						"Users",
						"authenticate"
					]
				}
			},
			"response": []
		},
		{
			"name": "List Users",
			"request": {
				"auth": {
					"type": "bearer",
					"bearer": [
						{
							"key": "token",
							"value": "eyJhbGciOiJIUzI1NiIsInR5cCI6IkpXVCJ9.eyJpZCI6IjEiLCJuYmYiOjE2MDYyNDk5MTAsImV4cCI6MTYwNjg1NDcxMCwiaWF0IjoxNjA2MjQ5OTEwfQ.q5xC-mL7hm_eJj69HzXPigXrZ3Sqxv9p28pxYxDHtiE",
							"type": "string"
						}
					]
				},
				"method": "GET",
				"header": [],
				"url": {
					"raw": "https://localhost:5001/api/Users/GetUsers",
					"protocol": "https",
					"host": [
						"localhost"
					],
					"port": "5001",
					"path": [
						"api",
						"Users",
						"GetUsers"
					]
				}
			},
			"response": []
		},
		{
			"name": "List Contacts",
			"request": {
				"auth": {
					"type": "bearer",
					"bearer": [
						{
							"key": "token",
							"value": "eyJhbGciOiJIUzI1NiIsInR5cCI6IkpXVCJ9.eyJpZCI6IjEiLCJuYmYiOjE2MDYyNDk5MTAsImV4cCI6MTYwNjg1NDcxMCwiaWF0IjoxNjA2MjQ5OTEwfQ.q5xC-mL7hm_eJj69HzXPigXrZ3Sqxv9p28pxYxDHtiE",
							"type": "string"
						}
					]
				},
				"method": "GET",
				"header": [],
				"url": {
					"raw": "https://localhost:5001/api/Contact/GetContacts",
					"protocol": "https",
					"host": [
						"localhost"
					],
					"port": "5001",
					"path": [
						"api",
						"Contact",
						"GetContacts"
					]
				}
			},
			"response": []
		},
		{
			"name": "Add Contact",
			"request": {
				"method": "POST",
				"header": [],
				"body": {
					"mode": "raw",
					"raw": "{\r\n    \"firstName\": \"Salman\",\r\n    \"lastName\": \"Khan\",\r\n    \"email\": \"salmankhan@gmil.com\",\r\n    \"phoneNumber\": \"1234567890\"\r\n}",
					"options": {
						"raw": {
							"language": "json"
						}
					}
				},
				"url": {
					"raw": "https://localhost:5001/api/Contact/AddContact",
					"protocol": "https",
					"host": [
						"localhost"
					],
					"port": "5001",
					"path": [
						"api",
						"Contact",
						"AddContact"
					]
				}
			},
			"response": []
		},
		{
			"name": "Edit Contact",
			"request": {
				"method": "PUT",
				"header": [],
				"body": {
					"mode": "raw",
					"raw": "{\r\n    \"contactId\": 1,\r\n    \"firstName\": \"Salman\",\r\n    \"lastName\": \"Khan\",\r\n    \"email\": \"salmankhan@gmil.com\",\r\n    \"phoneNumber\": \"9898989898\",\r\n    \"status\": true\r\n}",
					"options": {
						"raw": {
							"language": "json"
						}
					}
				},
				"url": {
					"raw": "https://localhost:5001/api/Contact/UpdateContact",
					"protocol": "https",
					"host": [
						"localhost"
					],
					"port": "5001",
					"path": [
						"api",
						"Contact",
						"UpdateContact"
					]
				}
			},
			"response": []
		},
		{
			"name": "Delete/Inactive Contact",
			"request": {
				"method": "DELETE",
				"header": [],
				"url": {
					"raw": "https://localhost:5001/api/Contact/DeleteContact?contactId=1",
					"protocol": "https",
					"host": [
						"localhost"
					],
					"port": "5001",
					"path": [
						"api",
						"Contact",
						"DeleteContact"
					],
					"query": [
						{
							"key": "contactId",
							"value": "1"
						}
					]
				}
			},
			"response": []
		}
	],
	"protocolProfileBehavior": {}
}